username,user_channel,user_id
@ed███96,https://www.youtube.com/@eddy796,1
@ra███mco███nto██████,https://www.youtube.com/@randomcommentor5474,2
@ko███rst███r77███,https://www.youtube.com/@konnorstever7776,3
@Ma███sed███do7███,https://www.youtube.com/@Marcuseduardo7,4
@er███wrd███,https://www.youtube.com/@ercedwrds,5
@na███bar███i20███,https://www.youtube.com/@naeembarkati2001,6
@Su███iAw███-y7███,https://www.youtube.com/@SunhbiAwais-y7p,7
@ri███_ea███,https://www.youtube.com/@river_eagle,8
@As███y13███,https://www.youtube.com/@AshKay131,9
@Ga███6_6███,https://www.youtube.com/@Gab_56_6,10
@Ва███тин███рба█████████,https://www.youtube.com/@%D0%92%D0%B0%D0%BB%D0%B5%D0%BD%D1%82%D0%B8%D0%BD%D0%B0%D0%93%D0%BE%D1%80%D0%B1%D0%B0%D0%BD%D1%8C-%D1%8E7%D1%86,11
@Гу███ара███с,https://www.youtube.com/@%D0%93%D1%83%D0%BB%D1%8C%D0%BD%D0%B0%D1%80%D0%B0-%D0%B93%D1%81,12
@Bi███awk███031███,https://www.youtube.com/@BillHawkins0318,13
@as███jai███2,https://www.youtube.com/@ashokjain442,14
@br███edw███mal█████████,https://www.youtube.com/@brianedwardmalnes7889,15
@No███sta███,https://www.youtube.com/@Nordestada,16
@ib███tto███amo█████████el6██████,https://www.youtube.com/@ibnbattoutaamouddouchanel6535,17
@ป้███รับ███้าข█████████,https://www.youtube.com/@%E0%B8%9B%E0%B9%89%E0%B8%B2%E0%B9%86%E0%B8%84%E0%B8%A3%E0%B8%B1%E0%B8%9A%E0%B9%80%E0%B8%AB%E0%B8%A5%E0%B9%89%E0%B8%B2%E0%B8%82%E0%B8%B2%E0%B8%A71%E0%B8%82%E0%B8%A7%E0%B8%94,18
@Га███аСо███ова██████,https://www.youtube.com/@%D0%93%D0%B0%D0%BB%D0%B8%D0%BD%D0%B0%D0%A1%D0%BE%D0%BA%D0%BE%D0%BB%D0%BE%D0%B2%D0%B0-%D1%877%D1%84,19
@da███594███,https://www.youtube.com/@daveh5947,20
@do███eve███,https://www.youtube.com/@donreeves60,21
@No███nor███edi███,https://www.youtube.com/@Nom_AnorVSJedi,22
@KI███OF_███GS_█████████F_L██████,https://www.youtube.com/@KING_OF_KINGS_ANDLORD_OF_LORDS,23
@Sa███Zao███i7q███,https://www.youtube.com/@SamirZaoui-i7q,24
@aa███kha███52,https://www.youtube.com/@aabidkhan5652,25
@sh███sal███rgr█████████epo██████,https://www.youtube.com/@shreesalasargroupstonedepo7280,26
@Ar███dSu███,https://www.youtube.com/@AroundSun,27
@Ga███aln███,https://www.youtube.com/@Ganjgalnews,28
@se███ell███80,https://www.youtube.com/@sethkelly6480,29
@NB███-x1███,https://www.youtube.com/@NBuss-x1u,30
@ja███ema███arr█████████,https://www.youtube.com/@janicemacquarrie4788,31
@He███ksf███,https://www.youtube.com/@Heidiksf1,32
@ga███ude███390███,https://www.youtube.com/@gabeludena9390,33
@mo███nst███tio█████████fco██████,https://www.youtube.com/@mofconstructionco.ltdmofco8157,34
@th███ude███coo███,https://www.youtube.com/@thatdudecancook,35
@te███s13███,https://www.youtube.com/@terics13,36
@ha███che███,https://www.youtube.com/@hatescheese,37
@jo███iwa███nob███,https://www.youtube.com/@jojobiwankenobi,38
@Re███sot███,https://www.youtube.com/@RedRisotto,39
@ال███احم███9ف,https://www.youtube.com/@%D8%A7%D9%84%D9%87%D8%A7%D9%85%D8%A7%D8%AD%D9%85%D8%AF-%D9%819%D9%81,40
@ma███tib███io3██████,https://www.youtube.com/@mariatiburcio3757,41
@co███mca███ffe██████,https://www.youtube.com/@colinmcauliffe6643,42
@ro███gne███45,https://www.youtube.com/@robwagner7545,43
@Lo███2Th███il1███,https://www.youtube.com/@Loyal2TheFoil1,44
@Bo███Ali███h,https://www.youtube.com/@BobbyAli-w9h,45
@no███265███,https://www.youtube.com/@noir7265,46
@Pl███eig███,https://www.youtube.com/@Playdeigh,47
@Mo███tru███,https://www.youtube.com/@Mohnstrudel,48
@di███ien███86,https://www.youtube.com/@dinamiena6186,49
@bo███ek2███,https://www.youtube.com/@bobbiek2960,50
@He███yec███s,https://www.youtube.com/@Hendayecross,51
@Ja███lKh███ob5███,https://www.youtube.com/@JameelKhan-ob5rm,52
@Ab███Zai███zr4███,https://www.youtube.com/@AbbasZaidi-zr4ce,53
@sa███rab███riz██████,https://www.youtube.com/@safdarabbasrizvi837,54
@pe███mki███on1██████,https://www.youtube.com/@petramkissoon1814,55
@an███ani███sil█████████,https://www.youtube.com/@andrianivassiliades4368,56
@ja███cal███rni██████,https://www.youtube.com/@jamescalifornia2964,57
@mr███ito███5,https://www.youtube.com/@mr.briton365,58
@Ab███-og███,https://www.youtube.com/@Abdul-og9jt,59
@Da███jie███les█████████,https://www.youtube.com/@DaantjieDuplessis-wh5wj,60
@el███koi███tik██████,https://www.youtube.com/@ellenkoivistik5425,61
@Th███ubL███,https://www.youtube.com/@TheStubLord,62
@tr███rus███61,https://www.youtube.com/@troykruse5161,63
@Gr███vil███tio███,https://www.youtube.com/@Gr8civilisation,64
@sh███eej███114███,https://www.youtube.com/@shahjeejee6114,65
@je███eyj███bs3███,https://www.youtube.com/@jeffreyjacobs390,66
@ri███535███,https://www.youtube.com/@ricey5353,67
@ma███del███men█████████dri██████,https://www.youtube.com/@mariadelcarmenmoralesrodri719,68
@qa███mab███259███,https://www.youtube.com/@qaseemabdii2591,69
@Ah███-lc███,https://www.youtube.com/@Ahmed-lc7qb,70
@No███ng-███zq,https://www.youtube.com/@Nothing-hp3zq,71
@or███ebl███ndl█████████,https://www.youtube.com/@orangeblueandlavenda,72
@so███vha███514███,https://www.youtube.com/@sourovhasan5142,73
@mu███lue███,https://www.youtube.com/@musefluenza,74
@gi███rta███ze7██████,https://www.youtube.com/@giokurtanidze7388,75
@Pa███yDe███,https://www.youtube.com/@PartlyDeaf,76
@Mo███edI███-d4███,https://www.youtube.com/@MohamedIyed-d4r,77
@Um███aib███sma██████,https://www.youtube.com/@UmakhaibatOsmanova,78
@wo███naN███,https://www.youtube.com/@wohinnaN,79
@Da███ofo███,https://www.youtube.com/@DarkMofo1,80
@co███eas███de,https://www.youtube.com/@colebeastmode,81
@Tw███y10███,https://www.youtube.com/@Twenty1035,82
@de███lia███,https://www.youtube.com/@devinliang,83
@Sm███Mar███58,https://www.youtube.com/@SmartMart1658,84
@st███isi███634███,https://www.youtube.com/@stanmisiak5634,85
@Te███Par███nag███,https://www.youtube.com/@TeslaParrainage,86
@Nh███5,https://www.youtube.com/@Nht375,87
@se███ref███433███,https://www.youtube.com/@seymorefact4333,88
@sv███rro███,https://www.youtube.com/@sv_surron,89
@sr███te,https://www.youtube.com/@srqnate,90
@tm███69,https://www.youtube.com/@tm68669,91
@gu███sas███,https://www.youtube.com/@guccisasha,92
@Th███lea███and██████,https://www.youtube.com/@ThorCleavelandson,93
@Zi███omZ███,https://www.youtube.com/@ZipZoomZip,94
@Da███Mos███S,https://www.youtube.com/@DavidMossMGS,95
@mi███ayl███162███,https://www.youtube.com/@miketaylor4162,96
@58███a,https://www.youtube.com/@581rma,97
@jo███old███17,https://www.youtube.com/@johnpoldo8817,98
@jo███107███5y,https://www.youtube.com/@jovan1077-c5y,99
@Ke███Bar███r,https://www.youtube.com/@KevinBarrier,100
@Ab███345███,https://www.youtube.com/@Abebe345,101
@dr███s12███,https://www.youtube.com/@drnews12,102
@pr███onm███hne██████,https://www.youtube.com/@prestonmoochnek1455,103
@da███ttl███er6██████,https://www.youtube.com/@danwettlaufer6364,104
@ke███nje███,https://www.youtube.com/@keenanjeff,105
@ra███be,https://www.youtube.com/@rahambe,106
@sa███r_t███elp█████████y68███,https://www.youtube.com/@sameer_travelphotography6840,107
@ro███dga███son██████,https://www.youtube.com/@ronaldgarrison8478,108
@vb███6,https://www.youtube.com/@vb9166,109
@ta███ata███l,https://www.youtube.com/@tatatata-l7l,110
@aa███hen███cks███,https://www.youtube.com/@aaronhendrickson,111
@ro███emu███s87███,https://www.youtube.com/@ronniemullis8717,112
@le███eji███ez7███,https://www.youtube.com/@lesliejimenez729,113
@xr███ld6███,https://www.youtube.com/@xronald619x,114
@ma███and███isx███,https://www.youtube.com/@marieandchrisx4,115
@ca███4,https://www.youtube.com/@ca8944,116
@jo███ona███gco██████,https://www.youtube.com/@joseronaldagcopra,117
@re███edm███oos██████,https://www.youtube.com/@redeyedmongoose2963,118
@Sc███urZ███anE█████████w,https://www.youtube.com/@SchneurZalmanEhven-it5zw,119
@mr███lli███70,https://www.youtube.com/@mrcwillis6970,120
@Yo███anS███n,https://www.youtube.com/@YonatanStern,121
@HI███ICE███FE,https://www.youtube.com/@HISVOICE4LIFE,122
@sh███lit███856███,https://www.youtube.com/@shmuelitkin8565,123
@az███cha███,https://www.youtube.com/@azel_chazak,124
@Sh███aTu███n-x███,https://www.youtube.com/@SheilaTurpin-x9y,125
@gt███der███,https://www.youtube.com/@gthunder92,126
@Th███_th███er,https://www.youtube.com/@Theos_thinker,127
@So███ord███,https://www.youtube.com/@SoulWords,128
@Qu███2,https://www.youtube.com/@Que532,129
@Sh███_22███,https://www.youtube.com/@Shade_223,130
@th███oko███vid█████████on,https://www.youtube.com/@thebookofdavidinspiration,131
@Du███uye███n1g███,https://www.youtube.com/@DuyNguyen-jn1gm,132
@pr███89,https://www.youtube.com/@prinz89,133
@el███hur███mi,https://www.youtube.com/@eliyahurahimi,134
@is███ikb███man██████,https://www.youtube.com/@isrolikbackman2214,135
@Ka███lad███ne,https://www.youtube.com/@KateGladstone,136
@gr███ebr███,https://www.youtube.com/@grlahebrew,137
@Je███aGe███al-██████,https://www.youtube.com/@JehuDaGeneral-s8f,138
@Ro███tWh███-g7███,https://www.youtube.com/@RobertWhite-g7z,139
@Bl███eac███77,https://www.youtube.com/@Bluebeach9377,140
@Sl███kCh███y,https://www.youtube.com/@SlavikChiley,141
@us███cw4███kc8███,https://www.youtube.com/@user-cw4zj6kc8u,142
@Sa███o-S███o-4███,https://www.youtube.com/@Sancho-Sucio-415,143
@bl███erd███lac███,https://www.youtube.com/@blackerdenblack1,144
@Mi███unt███m,https://www.youtube.com/@MikeHunt-s9m,145
@mi███ell███en1██████,https://www.youtube.com/@mitchellcohen1660,146
@Mo███nWa███,https://www.youtube.com/@MothOnWall,147
@pa███ind███759███,https://www.youtube.com/@pathfinder9759,148
@bo███cke███n34███,https://www.youtube.com/@bobdickerson3434,149
@ja███tow███67,https://www.youtube.com/@jamestown4867,150
@do███ool███0,https://www.youtube.com/@dougpool4730,151
@Th███nOf███nRe███,https://www.youtube.com/@TheSonOfOdinReal,152
@To███NL,https://www.youtube.com/@Toby-NL,153
@gc███f48███,https://www.youtube.com/@gcdhvf4896,154
@sa███opa███es,https://www.youtube.com/@sanchopanches,155
@us███pq1███bz6███,https://www.youtube.com/@user-pq1js1bz6h,156
@et███aid███1,https://www.youtube.com/@etepzaid4321,157
@no███dam███sin█████████,https://www.youtube.com/@nonyadamnbusiness9887,158
@al███177███,https://www.youtube.com/@alias177,159
@ge███dar███i93███,https://www.youtube.com/@geraldarcuri9307,160
@Je███ove███r,https://www.youtube.com/@JeffGovender,161
@br███han███455███,https://www.youtube.com/@brianhansen4550,162
@jo███row███170███,https://www.youtube.com/@johnbrowne2170,163
@sa███mus███55,https://www.youtube.com/@saeedmuse3955,164
@bo███sh3███,https://www.youtube.com/@bobfish3176,165
@Ud███ill███,https://www.youtube.com/@UdiaWillie,166
@th███sco███119███,https://www.youtube.com/@thomascope2119,167
@Bo███Ben███,https://www.youtube.com/@BonezBenz,168
@Ro███ics███,https://www.youtube.com/@RoboticsDIY,169
@ei███njo███ton██████,https://www.youtube.com/@eileenjohnston6835,170
@ke███s85███,https://www.youtube.com/@kevins8575,171
@st███ena███and█████████,https://www.youtube.com/@stephenalexander6721,172
@nh███2,https://www.youtube.com/@nh6162,173
@Jo███ell███,https://www.youtube.com/@JohnBell3,174
@Th███sSi███ns-██████,https://www.youtube.com/@ThomasSimmons-j9l,175
@mi███ync███ero█████████,https://www.youtube.com/@mikelynch-zeroviewz2507,176
@el███vet███33,https://www.youtube.com/@elypevets5633,177
@Do███dMc███376███,https://www.youtube.com/@DonaldMcKay3768,178
@Im███a,https://www.youtube.com/@Impspa,179
@no███nhi███518███,https://www.youtube.com/@normanhines5189,180
@da███kle███hef█████████,https://www.youtube.com/@davidkleinthefamousp,181
@do███our███589███,https://www.youtube.com/@dougbourdo2589,182
@av███amg███ber██████,https://www.youtube.com/@avrahamgoldberg9731,183
@sk███mvs███ost███,https://www.youtube.com/@skodomvseprosto,184
@lu███rgu███00,https://www.youtube.com/@lumberguy7000,185
@da███koe███r32███,https://www.youtube.com/@davidkoehler3265,186
@Th███alT███h53███,https://www.youtube.com/@TheRealTruth533,187
@ha███ysm███358███,https://www.youtube.com/@haileysmom2358,188
@Az███ak_███,https://www.youtube.com/@Aztorak_1,189
@ka███rin███lte██████,https://www.youtube.com/@katherineholten8878,190
@Er███ehr███n,https://www.youtube.com/@ErikPehrsson,191
@st███luh███56,https://www.youtube.com/@steveluhr5156,192
@Mi███elK███h-t██████,https://www.youtube.com/@MichaelKurth-ts8tb,193
@wa███ing███e-w█████████,https://www.youtube.com/@watching-the-watchers55,194
@vi███nts███h-m███,https://www.youtube.com/@vincentsmith-m9w,195
@ji███_an███1,https://www.youtube.com/@jimmy_angel1,196
@Go███hep███dPi██████,https://www.youtube.com/@GoodShepherdPicture,197
@el███o42███,https://www.youtube.com/@ellobo4211,198
@ro███eph███383███,https://www.youtube.com/@rodshephard3837,199
@ar███ust███361███,https://www.youtube.com/@arthouston7361,200
@sh███yzm███o,https://www.youtube.com/@sherryzmezzo,201
@Ch███-xe███,https://www.youtube.com/@Chavo-xe1zg,202
@em███ram███atl█████████,https://www.youtube.com/@emaavramov-atlas9564,203
@jo███aka███Bib██████,https://www.youtube.com/@joshuakarr-BibleMan,204
@ed███dor███s49███,https://www.youtube.com/@eduardoreyes4958,205
@Ca███chi███a_d██████,https://www.youtube.com/@Canadchikova_dacha1,206
@un███led███4,https://www.youtube.com/@untitled7184,207
@ji███rde███28,https://www.youtube.com/@jimburden3428,208
@Re███New███lin███,https://www.youtube.com/@RebelNewsOnline,209
@Ex███c30███,https://www.youtube.com/@Exotic3000,210
@te███dow███2,https://www.youtube.com/@terrydow3452,211
@ja███rib███525███,https://www.youtube.com/@jacktribble5253,212
@na███fel███,https://www.youtube.com/@nautifella,213
@Ro███tPr███-n3███,https://www.youtube.com/@RobertPrior-n3m,214
@no███nso███r15███,https://www.youtube.com/@normansommer1589,215
@fi███adu███9,https://www.youtube.com/@fifiladu2659,216
@ar███rbr███gem██████,https://www.youtube.com/@arthurbrumagem3844,217
@Li███oro███wi3███,https://www.youtube.com/@LienKorong-wi3ye,218
@kr███y19███,https://www.youtube.com/@krusty1974,219
@cv███son███,https://www.youtube.com/@cvhinson1,220
@Ca███dLo███,https://www.youtube.com/@CaeridLock.,221
@nw███9,https://www.youtube.com/@nw6769,222
@In███rat███Ign█████████,https://www.youtube.com/@InspirationIgnite310,223
@do███gre███873███,https://www.youtube.com/@donnagreen4873,224
@mi███all███96,https://www.youtube.com/@micklally2496,225
@pa███445███,https://www.youtube.com/@patli445,226
@fa███mee███35,https://www.youtube.com/@farahmeer5135,227
@sp███mon███II,https://www.youtube.com/@spacemonkeyII,228
@ma███ewk███er9██████,https://www.youtube.com/@matthewkramer9975,229
@al███g62███,https://www.youtube.com/@alberg6290,230
@ci███enh███nbe██████,https://www.youtube.com/@citizenhumanbeing,231
@Al███aka███1,https://www.youtube.com/@Alexpaka1111,232
@Si███rwa███67,https://www.youtube.com/@Silverware867,233
@no███irs███ein██████,https://www.youtube.com/@noahkirschtein8169,234
@an███wit███ght██████,https://www.youtube.com/@angelwithnightmares,235
@魔女███,https://www.youtube.com/@%E9%AD%94%E5%A5%B3%E3%81%A1%E3%82%83%E3%82%93,236
@se███sim███,https://www.youtube.com/@seelesims,237
@by███.tr███er8██████,https://www.youtube.com/@byler.truther8129,238
@an███tar███er,https://www.youtube.com/@annestargazer,239
@Bo███esA███ool███,https://www.youtube.com/@BottlesAreCool,240
@ja███669███,https://www.youtube.com/@jadie6692,241
@Ga███y_G███iel███,https://www.youtube.com/@Gabbyy_Gabriella,242
@da███van███448███,https://www.youtube.com/@danievangel4486,243
@kw███xk,https://www.youtube.com/@kwisuxk,244
@us███fc7███nu9███,https://www.youtube.com/@user-fc7st1nu9m,245
@me███sai███ud7██████,https://www.youtube.com/@melissaisloud7404,246
@el███pet███a91███,https://www.youtube.com/@elliepetrova911,247
@ed███ic2███,https://www.youtube.com/@edelric2978,248
@bo███art███are█████████021███,https://www.youtube.com/@bothpartiesaretraitors4021,249
@sm███mb2███,https://www.youtube.com/@smavtmb2196,250
@jo███l83███,https://www.youtube.com/@joneal8360,251
@wi███yan███,https://www.youtube.com/@willnyanyan,252
@po███yan███ted██████,https://www.youtube.com/@poorlyanimated9632,253
@De███ent███e,https://www.youtube.com/@DeMomentoEve,254
@mo███898███,https://www.youtube.com/@moth6898,255
@js███678███,https://www.youtube.com/@jsim26787,256
@na███hin███,https://www.youtube.com/@nancyhinkul,257
@wa███ws4███,https://www.youtube.com/@wallows4lea,258
@1a███tir███,https://www.youtube.com/@1amsotir3d,259
@Al███shy███o,https://www.youtube.com/@Alyysshyejoo,260
@li███200███,https://www.youtube.com/@lissy2000us,261
@su███kon███12,https://www.youtube.com/@susiekong3012,262
@10███wor███,https://www.youtube.com/@10-OSwords,263
@co███ado███ple█████████,https://www.youtube.com/@coloradopeoplesnews7676,264
@da███mor███usi███,https://www.youtube.com/@davidmorinmusic,265
@Ro███dOf███eRe██████,https://www.youtube.com/@RonaldOffTheRecord,266
@En███shW███ers███,https://www.youtube.com/@EnglishWinters,267
@Eg███ggP███,https://www.youtube.com/@EggyEggPie,268
@ta███rin███yum███,https://www.youtube.com/@tangerinesryummy,269
@me███the███ons███,https://www.youtube.com/@melonthemelons,270
@Ba███oom███,https://www.youtube.com/@Batbloom_0,271
@ru███uum███,https://www.youtube.com/@rumizuums,272
@lo███del███,https://www.youtube.com/@loveydelrey,273
@ch███955███,https://www.youtube.com/@chan3955,274
@se███ers███,https://www.youtube.com/@sebwiers1,275
@Th███oct███969███,https://www.youtube.com/@The-Doctor6969,276
@li███tas███2,https://www.youtube.com/@libertas5552,277
@Ve███on-███,https://www.youtube.com/@Vex8ion-1,278
@Ev███aDo███tuf███,https://www.youtube.com/@EvennaDoesStuff,279
@sa███enn███s43███,https://www.youtube.com/@sagejennings4342,280
@ng███thu███11,https://www.youtube.com/@nguyethuynh11,281
@lo███cel███,https://www.youtube.com/@lotticello,282
@Ge███ato███,https://www.youtube.com/@Gelixato,283
@ur███alb███rsh██████,https://www.youtube.com/@urlocalbylershipper,284
@mo███oll███,https://www.youtube.com/@motorolla17,285
@lo███ay,https://www.youtube.com/@logsday,286
@Be███eTi███,https://www.youtube.com/@BernieTime1,287
@ch███cor███an4██████,https://www.youtube.com/@chriscorcoran4515,288
@ar███nas███dio██████,https://www.youtube.com/@ariannasstudio8765,289
@je███ait███d63███,https://www.youtube.com/@jessmaitland6338,290
@fr███ieh███672███,https://www.youtube.com/@frankieholt6721,291
@ch███gcf███,https://www.youtube.com/@chubsgcf,292
@mt███rut███,https://www.youtube.com/@mtsktruther,293
@Tr███leF███yle███,https://www.youtube.com/@TrembleForKyle,294
@Sc███Sto███,https://www.youtube.com/@ScoutStormm,295
@ma███tte███,https://www.youtube.com/@madhatter_0,296
@fx███,https://www.youtube.com/@fxgia,297
@te███stc███us3██████,https://www.youtube.com/@tempistcitrus3463,298
@Pr███_ea███lin██████,https://www.youtube.com/@Proud_earthling_0,299
@st███tru███755███,https://www.youtube.com/@stxrstruck6755,300
@rd███tli███,https://www.youtube.com/@rddietlips,301
@ra███ell███car██████,https://www.youtube.com/@raphaellepicard7109,302
@Be███apl███y,https://www.youtube.com/@Beansaplenty,303
@Bl███e3k███,https://www.youtube.com/@Blim-e3k,304
@Li███48,https://www.youtube.com/@Lilt348,305
@Ry███enn███-u7███,https://www.youtube.com/@RyanKennedy-u7g,306
@ha███upo███lsh█████████,https://www.youtube.com/@handsuporillshoot381,307
@Ge███ach███,https://www.youtube.com/@GeteMachine,308
@Be███min███dri█████████,https://www.youtube.com/@BenjaminKendrick-p7m,309
@us███vg6███ht9███,https://www.youtube.com/@user-vg6yc6ht9s,310
@sa███tay███sve██████,https://www.youtube.com/@sashataylorsversion,311
@se███a_j███son██████,https://www.youtube.com/@serena_jackson997,312
@Be███ssi███otA█████████,https://www.youtube.com/@BeaBassistNotARacist,313
@ca███inr███ell██████,https://www.youtube.com/@caitlinrazzell267,314
@be███ske███,https://www.youtube.com/@beaneske,315
@j_███rir███,https://www.youtube.com/@j_fenrir,316
@dy███ssi███ng1██████,https://www.youtube.com/@dylanssinging1695,317
@wi███ulk███s35███,https://www.youtube.com/@wistfulkicks3510,318
@ST███OXi███tch█████████,https://www.youtube.com/@STARFOXiswatchingYOU,319
@ch███en3███,https://www.youtube.com/@cheryen385,320
@ye███wbe███08,https://www.youtube.com/@yellowbee4008,321
@Sp███rSp███4,https://www.youtube.com/@SpiderSpike4,322
@no███riv███18,https://www.youtube.com/@normariva1618,323
@ci███r72███,https://www.youtube.com/@cinder7258,324
@no███asa███s,https://www.youtube.com/@noemiasantos,325
@MK███rap███,https://www.youtube.com/@MKultraplus,326
@ha███uss███306███,https://www.youtube.com/@hadihussain3065,327
@Al███i2l███,https://www.youtube.com/@Ali-ji2lk,328
@tr███omm███365███,https://www.youtube.com/@truecomment3650,329
@Do███int███x1f███,https://www.youtube.com/@DoraWinter-x1f,330
@ki███arc███349███,https://www.youtube.com/@kingcarcas1349,331
@Ka███ras███f4u███,https://www.youtube.com/@Karlfrason-f4u,332
@ka███nic███,https://www.youtube.com/@katranich,333
@li███7,https://www.youtube.com/@liz257,334
@c0███aaa███www███,https://www.youtube.com/@c0dyraaaaaawwwrr,335
@sw███ows███et,https://www.youtube.com/@swallowstreet,336
@Bo███n06███,https://www.youtube.com/@BonBon069,337
@ar███van███duy██████,https://www.youtube.com/@arrowvanlanduyt6319,338
@sq███bad███le,https://www.youtube.com/@squibbadoodle,339
@ka███bad███ee,https://www.youtube.com/@kateabadoobee,340
@he███liv███nt,https://www.youtube.com/@hessolivagant,341
@Ab███ysE███,https://www.youtube.com/@AbunnysEcho,342
@vi███i11███,https://www.youtube.com/@vikkki1163,343
@Pi███Mon███,https://www.youtube.com/@PinksMonkey,344
@ma███ic,https://www.youtube.com/@majeric,345
@He███u5s███,https://www.youtube.com/@Hess-u5s,346
@jo███hin███pez██████,https://www.youtube.com/@josephinelopez8201,347
@ro███ebl███ns7██████,https://www.youtube.com/@ronnieblevins7781,348
@cl███ycl███c,https://www.youtube.com/@cloudycleric,349
@li███3ru███,https://www.youtube.com/@lilCh3rubb,350
@To███lyC███tal███,https://www.youtube.com/@TotallyCrystal,351
@bo███eri███,https://www.youtube.com/@boycleric,352
@Nd███C,https://www.youtube.com/@NdranC,353
@ju███ill███ate██████,https://www.youtube.com/@justsillywhatever,354
@ch███ii1███,https://www.youtube.com/@chxrlii167,355
@mi███e.9███,https://www.youtube.com/@mirage.95,356
@mo███paz███,https://www.youtube.com/@monsepazos4,357
@rj███ina███5,https://www.youtube.com/@rjmolina3055,358
@A_███ano███ous███,https://www.youtube.com/@A_foranonymous,359
@Mr███anz███4,https://www.youtube.com/@MrJahanzeb54,360
@Re███itt███cob███,https://www.youtube.com/@Redspittingcobra,361
@br███rin███,https://www.youtube.com/@breadring,362
@Ra███ufa███mar██████,https://www.youtube.com/@RacaYufaiSemaring,363
@U.███wn9███,https://www.youtube.com/@U.M.-wn9xv,364
@mi███ell███ley██████,https://www.youtube.com/@mitchellwilley7208,365
@jo███ars███790███,https://www.youtube.com/@johnparsons7907,366
@z0███0,https://www.youtube.com/@z08840,367
@in███ora███276███,https://www.youtube.com/@in-x-orable2769,368
@ge███pon███30,https://www.youtube.com/@gerdapons5730,369
@n.███42,https://www.youtube.com/@n.h5242,370
@Ma███Lui███eDo█████████,https://www.youtube.com/@MariaLuisaDeDona-td9rq,371
@Ge███eth███6rg███,https://www.youtube.com/@Georgeth-kb6rg,372
@ol███sep███00,https://www.youtube.com/@olejoseph7000,373
@yf███816███,https://www.youtube.com/@yfs24816,374
@kj███bse███,https://www.youtube.com/@kjakobsen,375
@dp███yd,https://www.youtube.com/@dparryd,376
@ha███em1███,https://www.youtube.com/@hazelem1266,377
@No███ock███d,https://www.youtube.com/@NormLockwood,378
@Ro███ina███tro██████,https://www.youtube.com/@RosalinaCastro-o8b,379
@ai███kro███23,https://www.youtube.com/@aishikroy9323,380
@sh███nel███dge██████,https://www.youtube.com/@sharoneldridge1920,381
@mu███aar███iep██████,https://www.youtube.com/@mughtaarrakiep1069,382
@ch███tma███oli██████,https://www.youtube.com/@christmasoholic392,383
@la███pri███195███,https://www.youtube.com/@larryprice6195,384
@ra███mvi███gef█████████,https://www.youtube.com/@randomvintagefilm273,385
@Je███-w9███,https://www.youtube.com/@Jenny-w9f,386
@re███rge███762███,https://www.youtube.com/@redsargent4762,387
@bl███lup███,https://www.youtube.com/@blacklupos,388
@pa███cia███nso██████,https://www.youtube.com/@patriciajohnson1894,389
@da███ush███eya██████,https://www.youtube.com/@daryoushsameyah8329,390
@Ga███n67███,https://www.youtube.com/@Gazman67,391
@ja███55l███,https://www.youtube.com/@jamey55lee,392
@lu███lmi███ez5██████,https://www.youtube.com/@lucyalmiranez5367,393
@ye███aki███752███,https://www.youtube.com/@yeshuaking3752,394
@Da███-mr███,https://www.youtube.com/@David-mr8wi,395
@te███shu███rah██████,https://www.youtube.com/@teddyshunnarah4992,396
@ro███rtg███ge,https://www.youtube.com/@rockartgeorge,397
@ju███rgo███465███,https://www.youtube.com/@juniorgotti4657,398
@to███ado███ie2███,https://www.youtube.com/@tommeadows-ie2xb,399
@St███nVe███-e1███,https://www.youtube.com/@StevenVeloz-e1d,400
@ch███x13███,https://www.youtube.com/@chrisx1347,401
@ch███lse███u71███,https://www.youtube.com/@cherylsemrau7100,402
@ch███alb███sen██████,https://www.youtube.com/@chantalbooysen6231,403
@pi███kaa███43,https://www.youtube.com/@pindakaas4443,404
@Pa███bk8███,https://www.youtube.com/@Paul-bk8lc,405
@ju███tac███g52███,https://www.youtube.com/@juanitacraig5204,406
@di███col███,https://www.youtube.com/@diegocolpa,407
@Ra███abi███,https://www.youtube.com/@RahfJabir,408
@bo███buk███ki1██████,https://www.youtube.com/@bojanbukovski1995,409
@Gl███lli███,https://www.youtube.com/@GlenAllison,410
@al███air███abe██████,https://www.youtube.com/@alisdairmccabe7497,411
@An███ali███r33███,https://www.youtube.com/@AndySalinger33,412
@af███aca███,https://www.youtube.com/@africacan,413
@ma███fer███716███,https://www.youtube.com/@marioferrer7165,414
@Da███lKi███-y4███,https://www.youtube.com/@DanielKiflu-y4r,415
@19███izz███,https://www.youtube.com/@1970pizza,416
@Ne███l-e███o,https://www.youtube.com/@Nedhal-eq7go,417
@il███b,https://www.youtube.com/@iluv2b,418
@jo███ajo███a27███,https://www.youtube.com/@joshuajoshua2732,419
@Bo███eMi███art███,https://www.youtube.com/@BomageMinimart,420
@sa███lys███tho███,https://www.youtube.com/@saintlysainthood,421
@fr███ric███wa2██████,https://www.youtube.com/@frederickhawa2154,422
@lu███cas███595███,https://www.youtube.com/@luisocasio3595,423
@fr███ric███le3██████,https://www.youtube.com/@frederickpile3599,424
@Ja███lq8███,https://www.youtube.com/@Jack-lq8ny,425
@go███605███,https://www.youtube.com/@gojo6605,426
@ge███eib███im7██████,https://www.youtube.com/@georgeibrahim7945,427
@si███nsi███85,https://www.youtube.com/@sideonsid2885,428
@al███tma███96,https://www.youtube.com/@alphatman8396,429
@20███bas███,https://www.youtube.com/@20sarbast,430
@jo███hin███are██████,https://www.youtube.com/@josephineasare6760,431
@el███hwh███ker██████,https://www.youtube.com/@elijahwhitaker6749,432
@ar███djo███on3██████,https://www.youtube.com/@arnoldjohnson3317,433
@ma███ceb███4,https://www.youtube.com/@mauriceb5854,434
@Ha███luY███7,https://www.youtube.com/@HalleluYAHH7,435
@R.███77.███,https://www.youtube.com/@R.G.777.,436
@kc███ton███1,https://www.youtube.com/@kcmorton8501,437
@ja███own███5,https://www.youtube.com/@janbrown9195,438
@Da███Liv███Lif███,https://www.youtube.com/@DadIsLivingLife,439
@da███lwi███ams█████████,https://www.youtube.com/@danielwilliamson6180,440
@pa███rm.███boa██████,https://www.youtube.com/@pastorm.kyeboah5615,441
@ve███ica███tel██████,https://www.youtube.com/@veronicapostel1175,442
@Go███tt,https://www.youtube.com/@GotIttt,443
@hi███rio███393███,https://www.youtube.com/@hillarious2393,444
@sh███bx,https://www.youtube.com/@shirabx,445
@au███ilo███vel██████,https://www.youtube.com/@autopilotlevel7296,446
@so███pee███rev███,https://www.youtube.com/@soulspeedforever,447
@su███n42███,https://www.youtube.com/@sunman4291,448
@bi███n47███,https://www.youtube.com/@bigfan4793,449
@ma███out███ino█████████,https://www.youtube.com/@makinoutmakinout2056,450
@ma███sab███hab█████████,https://www.youtube.com/@mamassabajahabajaha7180,451
@Th███nKi███69x███,https://www.youtube.com/@TheSunKingx69x,452
@tr███it3███,https://www.youtube.com/@truckit38mg,453
@br███eyr███ere██████,https://www.youtube.com/@bradleyriviere627,454
@La███n-w███w,https://www.youtube.com/@Lauren-wh8fw,455
@ub███ame███n29███,https://www.youtube.com/@ubuaramelvin2977,456
@de███own███4,https://www.youtube.com/@deebrown5744,457
@Ke███-nt███,https://www.youtube.com/@Kevin-nt1yf,458
@ca███uha███d39███,https://www.youtube.com/@carlmuhammad3968,459
@wi███amt███lay██████,https://www.youtube.com/@williamtheslayer819,460
@ja███e69███,https://www.youtube.com/@jaycee6996,461
@lo███har███ld,https://www.youtube.com/@lordcharfield,462
@de███rhi███843███,https://www.youtube.com/@dexterhill5843,463
@su███kin███18,https://www.youtube.com/@susanking6418,464
@Sh███erd███,https://www.youtube.com/@Shepherd313,465
@no███144███,https://www.youtube.com/@noir.144,466
@st███oma███ski██████,https://www.youtube.com/@stankomalceski9677,467
@Jo███oe-███lm,https://www.youtube.com/@JohnDoe-wm8lm,468
@Ha███etF███-pe██████,https://www.youtube.com/@HatchetFace-pe2hk,469
@Tr███ssl███9,https://www.youtube.com/@TruHussle369,470
@br███m8,https://www.youtube.com/@brofam8,471
@ro███tbl███ett██████,https://www.youtube.com/@robertblackett2379,472
@Mr███ana███,https://www.youtube.com/@MrBanana808,473
@Ar███iVa███tin███,https://www.youtube.com/@ArmaniValentino,474
@he███676███,https://www.youtube.com/@herk0676,475
@be███h72███,https://www.youtube.com/@benyah721,476
@ha███syd███,https://www.youtube.com/@hasifsydney,477
@y.███ae1███,https://www.youtube.com/@y.israe1917,478
@Ho███a19███,https://www.youtube.com/@Holala1970,479
@Al███8NY███,https://www.youtube.com/@Alex18NY,480
@sk███rap███hil█████████76,https://www.youtube.com/@skyscraperphilosopher8476,481
@Ve███63,https://www.youtube.com/@Verge63,482
@mo███igh███ve2███,https://www.youtube.com/@moonlightlove27,483
@Al███oHa███s23███,https://www.youtube.com/@AlonzoHarris235,484
@ed███84,https://www.youtube.com/@edd4084,485
@me███a68███,https://www.youtube.com/@mecaia6817,486
@Th███Scr███19,https://www.youtube.com/@ThirdScribe19,487
@mr███n_1███,https://www.youtube.com/@mranon_101,488
@le███ing███ool███,https://www.youtube.com/@legokingiscool,489
@fr███ame███9,https://www.youtube.com/@freegame9499,490
@th███oov███00,https://www.youtube.com/@thegroove2000,491
@An███i,https://www.youtube.com/@Anu9ki,492
@Pu███loo███alk███,https://www.youtube.com/@PurebloodStalker,493
@ma███lin███mis██████,https://www.youtube.com/@martelinaalmissa39,494
@tu███cai███39,https://www.youtube.com/@tubalcain1039,495
@Ke███Ras███,https://www.youtube.com/@KerryRasol,496
@su███nab███ti1██████,https://www.youtube.com/@sultanabhatti1483,497
@Ma███nJa███389███,https://www.youtube.com/@MartinJames389,498
@st███tbo███s75███,https://www.youtube.com/@stuartbowers7584,499
@St███nAn███ny-██████,https://www.youtube.com/@StevenAnthony-v2r,500
@sc███war███n15███,https://www.youtube.com/@scottwarthin1528,501
@ib███im_███9,https://www.youtube.com/@ibrahim_A989,502
@ge███eka███tar█████████,https://www.youtube.com/@georgekafantaris7807,503
@Vi███Kum███zk2███,https://www.youtube.com/@VijayKumar-zk2sg,504
@ia███for███y72███,https://www.youtube.com/@iannefortuny7265,505
@Am███Cha███l,https://www.youtube.com/@AmaniChannel,506
@na███j,https://www.youtube.com/@najmaj,507
@ma███imw███fum█████████,https://www.youtube.com/@masozimwenifumbo3080,508
@Gu███and███ses███,https://www.youtube.com/@Guns-and-Moses,509
@jf███s13███,https://www.youtube.com/@jfinns13,510
@St███geD███198███,https://www.youtube.com/@StrangeDame1980,511
@ni███mur███865███,https://www.youtube.com/@niallmurray8654,512
@mi███ldi███afa█████████,https://www.youtube.com/@micheldisclafani2343,513
@Ro███Roc███,https://www.youtube.com/@RogerRocks,514
@an███sst███327███,https://www.youtube.com/@andersstook3273,515
@Ba███Zio███tCh███,https://www.youtube.com/@BasedZionistChad,516
@KJ███rit███68,https://www.youtube.com/@KJCharity5268,517
@st███nwe███165███,https://www.youtube.com/@stevenwelp7165,518
@ke███ark███6,https://www.youtube.com/@kenclark2126,519
@Se███y_O███ns,https://www.youtube.com/@SeaJay_Oceans,520
@Je███ega███,https://www.youtube.com/@JerkVegas86,521
@Di███ryc███,https://www.youtube.com/@DinoBryce,522
@Ab███ari███med██████,https://www.youtube.com/@AbdikarimAhmedJama,523
@mi███elg███ert██████,https://www.youtube.com/@michaelgilbert3713,524
@se███one███20,https://www.youtube.com/@seanjones1020,525
@He███Dur███,https://www.youtube.com/@HenryDurth,526
@an███sil███035███,https://www.youtube.com/@angelsilva8035,527
@ke███ith███2,https://www.youtube.com/@kensmith8152,528
@21███el,https://www.youtube.com/@21divel,529
@hu███orr███394███,https://www.youtube.com/@hugotorrado3948,530
@se███e,https://www.youtube.com/@senoje,531
@Mi███elJ███son█████████,https://www.youtube.com/@MichaelJohnson-oi2rb,532
@Th███che███956███,https://www.youtube.com/@TheArcher99956,533
@am███str███hen██████,https://www.youtube.com/@ammarstrutchen2359,534
@ay███dv,https://www.youtube.com/@aye-1dv,535
@Ch███ofG███876███,https://www.youtube.com/@ChildofGod98765,536
@ma███amj███d_,https://www.youtube.com/@mariyamjawad_,537
@st███igh███,https://www.youtube.com/@starlightHT,538
@mi███lme███na5██████,https://www.youtube.com/@michelmehanna5655,539
@tw███the███ker██████,https://www.youtube.com/@tweebthelerker3952,540
@AA███77,https://www.youtube.com/@AAb1977,541
@Pe███omo███a,https://www.youtube.com/@Pedomomoisha,542
@Me███mar███,https://www.youtube.com/@Meelamars,543
@pl███ant███ams██████,https://www.youtube.com/@pleasantdreams5408,544
@he███nha███989███,https://www.youtube.com/@hermanhall7989,545
@te███lri███r27███,https://www.youtube.com/@terellringer2736,546
@JG███5tp███,https://www.youtube.com/@JG-st5tp,547
@Th███nes███Zon███,https://www.youtube.com/@TheCanesFanZone,548
@Af███tio███eBo█████████g4u███,https://www.youtube.com/@AffectionateBowtieCat-dg4uy,549
@ga███una███ast███,https://www.youtube.com/@garifunadynasty,550
@af███an6███,https://www.youtube.com/@afroman6172,551
@ac███bia███038███,https://www.youtube.com/@acedibiase7038,552
@Le███re-███2,https://www.youtube.com/@Lenfire-4952,553
@cc███ifo███a72███,https://www.youtube.com/@cccalifornia7206,554
@Ma███wil███v3g███,https://www.youtube.com/@Mariawill-jv3gd,555
@sh███795███,https://www.youtube.com/@shaul7952,556
@wi███r11███,https://www.youtube.com/@wilder11,557
@Al███ava███5i,https://www.youtube.com/@AlmaNavas-y5i,558
@hi███nas███ddi██████,https://www.youtube.com/@hilalnasiruddin7861,559
@Ва███яфа███каи█████████ыхп██████,https://www.youtube.com/@%D0%92%D0%B0%D1%82%D0%BD%D0%B0%D1%8F%D1%84%D0%B0%D0%B1%D1%80%D0%B8%D0%BA%D0%B0%D0%B8%D0%BC%D0%B5%D0%BD%D0%B8%D0%9A%D1%80%D0%B0%D1%81%D0%BD%D1%8B%D1%85%D0%BF%D0%B0%D1%80%D1%82%D0%B8,560
@Ap███oli███orm███,https://www.youtube.com/@ApostolicStorm,561
@Em███yel███and███,https://www.youtube.com/@EmanoyelMarandi,562
@sc███ion███mul███,https://www.youtube.com/@scorpionformula,563
@Cy███cks███,https://www.youtube.com/@CynHicks,564
@Ab███Reh███-j6██████,https://www.youtube.com/@AbdulRehman-j6q9h,565
@rh███agi███rt-█████████246███,https://www.youtube.com/@rhondagilbert-puketapu6246,566
@sk███o41███,https://www.youtube.com/@skello4105,567
@ma███lmc███953███,https://www.youtube.com/@martelmccoy9533,568
@re███san███78,https://www.youtube.com/@reecesang9978,569
@dy███ial███rio██████,https://www.youtube.com/@dytanialtarrio5877,570
@ni███las███man██████,https://www.youtube.com/@nicholasherman3275,571
@ms███are███89,https://www.youtube.com/@ms.emarem7989,572
@da███enc███war█████████,https://www.youtube.com/@daessenceofwarhop3253,573
@Ty███th-███hv,https://www.youtube.com/@Tykeith-ve5hv,574
@Bl███ide███,https://www.youtube.com/@Blobside,575
@Lu███io_███,https://www.youtube.com/@Lucario___,576
@Ni███had███,https://www.youtube.com/@Niteshade_,577
@Af███BS,https://www.youtube.com/@AfeefBS,578
@ma███ss5███,https://www.youtube.com/@mathiss5754,579
@Ya███piz███oy9███,https://www.youtube.com/@Yaboypizzaboy97,580
@Nu███3YT███,https://www.youtube.com/@Nubbz3YT,581
@Ni███a10███s,https://www.youtube.com/@Nikita101_bs,582
@La███me0███,https://www.youtube.com/@LaFlame08,583
@Ma███Pat███ro5███,https://www.youtube.com/@ManitPatil-ro5xm,584
@za███jan███426███,https://www.youtube.com/@zahidjanjua426,585
@卡克,https://www.youtube.com/@%E5%8D%A1%E5%85%8B,586
@Ti███ltu███,https://www.youtube.com/@TinyAltuve,587
@Ap███obs███,https://www.youtube.com/@Apollobs77,588
@Bl███agg███,https://www.youtube.com/@Bluebaggins,589
@mo███igh███ver█████████,https://www.youtube.com/@moonlightreveries1459,590
@ha███ahi███w79███,https://www.youtube.com/@halimahillow797,591
@ka███76,https://www.youtube.com/@kath976,592
@Lo███rut███,https://www.youtube.com/@LoveTruth44,593
@mi███elc███35,https://www.youtube.com/@mikewelch6735,594
@BT███,https://www.youtube.com/@BT2XX,595
@We███nX2███A,https://www.youtube.com/@WeaponX2007A,596
@OG███OST███,https://www.youtube.com/@OG-GHOST2,597
@jo███liv███.73███,https://www.youtube.com/@johnolivajr.7368,598
@ti███apa███997███,https://www.youtube.com/@titazapanta9977,599
@Ch███tis███g70█████████,https://www.youtube.com/@Christisking7000-n2s,600
@kt███,https://www.youtube.com/@kts64,601
@MJ███myW███y,https://www.youtube.com/@MJBermyWifey,602
@Ni███Hod███,https://www.youtube.com/@NickyHodges,603
@Sh███b_i███Sal███,https://www.youtube.com/@Shuayb_ibn_Saleh,604
@he███ts-███a,https://www.youtube.com/@hey-its-Huda,605
@Ir███034███,https://www.youtube.com/@Irish034,606
@an███asi███s41███,https://www.youtube.com/@angelasimons4132,607
@ma███mic███ak6██████,https://www.youtube.com/@marekmichalak6620,608
@ta███rze███283███,https://www.youtube.com/@tagbarzeev8283,609
@bl███aro███elt█████████uez██████,https://www.youtube.com/@blancarosabeltranvelazquez4176,610
@AF███-b4███,https://www.youtube.com/@AF-FI-b4y,611
@sa███owl███83,https://www.youtube.com/@samknowles483,612
@su███kk,https://www.youtube.com/@sureokk,613
@BR███7oz███,https://www.youtube.com/@BR-re7oz,614
@je███ese███a45███,https://www.youtube.com/@jeromesecuya4528,615
@ag███00,https://www.youtube.com/@agk9700,616
@ro███tba███ll6███,https://www.youtube.com/@robertbagnall619,617
@be███ice███eat███,https://www.youtube.com/@beneficentbeatri,618
@Jo███32,https://www.youtube.com/@Jomz432,619
@em███ure███104███,https://www.youtube.com/@emmaaurelia1041,620
@ak███isr███422███,https://www.youtube.com/@akivaisrael4222,621
@MA███ADE███EIS██████,https://www.youtube.com/@MARYMADELINEISRAEL,622
@Mu███-Mu███,https://www.youtube.com/@Musai-Musai,623
@MY███MET███,https://www.youtube.com/@MY_GAMETUBE,624
@Ma███ewj███orO███,https://www.youtube.com/@MatthewjuniorOtu,625
@da███nb4███,https://www.youtube.com/@damianb4408,626
@st███yba███233███,https://www.youtube.com/@stephybabs3233,627
@jo███hin███nce█████████,https://www.youtube.com/@josephinewenceslao7565,628
@ma███l19███,https://www.youtube.com/@mariel1980,629
@Ch███t-v███,https://www.youtube.com/@Christ-v3y,630
@ma███ast███147███,https://www.youtube.com/@markbaston8147,631
@ju███mor███i47███,https://www.youtube.com/@juliemorelli4712,632
@ca███efl███761███,https://www.youtube.com/@caroleflynn761,633
@ta███tor███ich██████,https://www.youtube.com/@tanyatortorich6861,634
@al███don███1,https://www.youtube.com/@alanedon7241,635
@tr███see███545███,https://www.youtube.com/@truthseeker545,636
@ch███est███455███,https://www.youtube.com/@chrisestep1455,637
@ho███woo███05,https://www.youtube.com/@hollywood2305,638
@Ca███Chi███a,https://www.youtube.com/@CarolChisena,639
@ba███rad███ie3██████,https://www.youtube.com/@barbaradownie3265,640
@sl███ers███314███,https://www.youtube.com/@slampersand3145,641
@Ma███ann███,https://www.youtube.com/@MarkMann1,642
@Fa███IsH███,https://www.youtube.com/@FakenIsHere,643
@bw███,https://www.youtube.com/@bwake,644
@IS███uth███,https://www.youtube.com/@ISOTruth18,645
@Mé███ieG███n-v███,https://www.youtube.com/@M%C3%A9lanieGaron-v7i,646
@ma███on,https://www.youtube.com/@makuson,647
@jo███tar███58,https://www.youtube.com/@johnstarr2458,648
@ka███lem███590███,https://www.youtube.com/@katielemos8590,649
@ma███gil███951███,https://www.youtube.com/@maryogilvie9513,650
@tr███sr5███,https://www.youtube.com/@travisr5694,651
@do███her███364███,https://www.youtube.com/@donnaherron3643,652
@ke███cla███289███,https://www.youtube.com/@kevinclark6289,653
@do███rhe███306███,https://www.youtube.com/@donjarhead9306,654
@mv███55,https://www.youtube.com/@mv55555,655
@an███mac███kil██████,https://www.youtube.com/@angusmackaskill3035,656
@JJ███,https://www.youtube.com/@JJ_LL,657
@ja███bug███58,https://www.youtube.com/@jacktbugx1658,658
@th███smc███n36███,https://www.youtube.com/@thomasmccann3679,659
@Sh███ump███,https://www.youtube.com/@ShytPump,660
@At███eyS███lai███,https://www.youtube.com/@AtomkeySinclair,661
@jo███izo███60,https://www.youtube.com/@joiedizon9460,662
@Da███gov███,https://www.youtube.com/@DanSegovia,663
@Su███bak███nk,https://www.youtube.com/@SussybakaHank,664
@Ja███_Ne███nn,https://www.youtube.com/@Jacob_Neumann,665
@da███mad███ovi██████,https://www.youtube.com/@darkomadjanovic7538,666
@an███nym███,https://www.youtube.com/@anno_nymus,667
@AM███FIY███,https://www.youtube.com/@AMPLIFIYAH,668
@el███cas███y78███,https://www.youtube.com/@ellencassidy7883,669
@he███ert███vic██████,https://www.youtube.com/@heathertonovic585,670
@Ly███750███,https://www.youtube.com/@LynnD750,671
@de███phi███ps6██████,https://www.youtube.com/@deanaphillips6628,672
@ti███ina███3,https://www.youtube.com/@tinatina5913,673
@Mr███en4███,https://www.youtube.com/@MrGreen4go,674
@go███nnu███ts4██████,https://www.youtube.com/@goldennuggets4043,675
@mk███ts8███,https://www.youtube.com/@mkrafts8519,676
@wh███ang███675███,https://www.youtube.com/@whiteangel0675,677
@Di███ver███V,https://www.youtube.com/@DiscoveredTV,678
@kn███48,https://www.youtube.com/@kno7348,679
@il███jes███eig█████████551███,https://www.youtube.com/@ilovejesusreignsforever5512,680
@Pa███Rob███on-██████,https://www.youtube.com/@PaulaRobinson-g9y,681
@mo███vz1███,https://www.youtube.com/@moby-vz1mi,682
@pe███894███,https://www.youtube.com/@pete7894,683
@ja███law███s29███,https://www.youtube.com/@jameslawless2981,684
@li███nku███671███,https://www.youtube.com/@liliankuhn4671,685
@Me███toM███tur███,https://www.youtube.com/@MementoMorituri,686
@Qu███Ink███,https://www.youtube.com/@QuinnInk20,687
@Te███Gil███-gj██████,https://www.youtube.com/@TerryGillis-gj4it,688
@ro███dab███s72███,https://www.youtube.com/@ronaldabrams7222,689
@na███tun███c6v███,https://www.youtube.com/@naymatunc-rc6vs,690
@ly███ay5███,https://www.youtube.com/@lynnmay5760,691
@Be███rae███,https://www.youtube.com/@BertGraef,692
@sw███_of███sdo██████,https://www.youtube.com/@sweat_of_wisdom2010,693
@Ra███-eq███,https://www.youtube.com/@Ranid-eq6so,694
@yo███dag███o23███,https://www.youtube.com/@yolandaguiao2301,695
@Mi███heH███t,https://www.youtube.com/@MindTheHeart,696
@JM███ael███g,https://www.youtube.com/@JMichael-o7g,697
@Vi███ria███es-██████,https://www.youtube.com/@VictoriaBates-h2i,698
@st███mcg███873███,https://www.youtube.com/@stephmcghie8732,699
@ja███oxb███h92███,https://www.youtube.com/@jayeroxburgh922,700
@su███art███9,https://www.youtube.com/@suesmart3699,701
@th███u12███,https://www.youtube.com/@thetru123th,702
@li███hri███51,https://www.youtube.com/@lionchrist351,703
@ma███ned███ds1██████,https://www.youtube.com/@martinedmunds1888,704
@hg███bgi███d,https://www.youtube.com/@hgdcbbgilnvd,705
@rh███hto███,https://www.youtube.com/@rhaughton,706
@an███oan███ron██████,https://www.youtube.com/@angeloandveronica,707
@Th███ave███gCl██████,https://www.youtube.com/@TheTravelingClatt,708
@ro███w19███,https://www.youtube.com/@roberw1912,709
@ju███nta███eyi██████,https://www.youtube.com/@juliantafireyi4252,710
@Ab███ute███bli███,https://www.youtube.com/@Absolute_Goblin,711
@No███Ove███rma███,https://www.youtube.com/@NomadOverNormal,712
@ca███979███,https://www.youtube.com/@camg1979,713
@sh███ood███ppe██████,https://www.youtube.com/@sherwoodprepper2544,714
@Bo███ian███adi███,https://www.youtube.com/@Bohemianparadise,715
@Ro███ohn███ta-██████,https://www.youtube.com/@RotiJohnPrata-h9o,716
@do███lee███3,https://www.youtube.com/@donnalee2983,717
@Je███S54███,https://www.youtube.com/@JennyS54,718
@bo███cne███,https://www.youtube.com/@bobbecnel,719
@gi███ot1███,https://www.youtube.com/@gilscot100,720
@on███uen███on6███,https://www.youtube.com/@onetruenation65,721
@en███sco███o26███,https://www.youtube.com/@endiosconfio2656,722
@si███sse███9,https://www.youtube.com/@siblessed639,723
@ke███nfe███nde███,https://www.youtube.com/@keeganfernandes7,724
@Ra███Ric███dso█████████,https://www.youtube.com/@RandyRichardson-ok9gh,725
@Ja███my4███,https://www.youtube.com/@Jack-my4zj,726
@CH███p,https://www.youtube.com/@CHSCxp,727
@dm███pre███600███,https://www.youtube.com/@dmlexpress9600,728
@Ro███the███108███,https://www.youtube.com/@Robbytherat108,729
@em███ano███rid██████,https://www.youtube.com/@emilianolaprida6151,730
@sc███hea███00,https://www.youtube.com/@scrapheap1000,731
@th███smc███n68███,https://www.youtube.com/@thomasmclain6888,732
@jo███han███fma██████,https://www.youtube.com/@jonathanhoffman7464,733
@Mi███elb███1,https://www.youtube.com/@Michaelben_1,734
@je███epa███ise██████,https://www.youtube.com/@jeanneparadise8200,735
@ph███ips███h31███,https://www.youtube.com/@phillipsmith3102,736
@da███niw███er9██████,https://www.youtube.com/@daimaniwilder9544,737
@No███200███,https://www.youtube.com/@Nola-2000,738
@sa███his███lat███,https://www.youtube.com/@savethisforlater,739
@ju███ceF███ll3███,https://www.youtube.com/@justiceForAll316,740
@ma███imm███lax███,https://www.youtube.com/@mailjimmygalaxy,741
@el███epa███s33███,https://www.youtube.com/@elaineparkes339,742
@Ha███h-b███d,https://www.youtube.com/@Hannah-bn2dd,743
@ch███akc███tal██████,https://www.youtube.com/@chantakchantal6065,744
@Da███Gla███s77███,https://www.youtube.com/@DarthGlacies770,745
@pa███pra███751███,https://www.youtube.com/@pattypratt8751,746
@Ho███Doo███i9z███,https://www.youtube.com/@HowdyDoody-i9z,747
@as███rft███,https://www.youtube.com/@asatorftw,748
@ca███orn███ala███,https://www.youtube.com/@californiaBala,749
@ch███erm███,https://www.youtube.com/@chapterme,750
@On███Go-███,https://www.youtube.com/@OnTheGo-n6r,751
@Ka███ina███ipo███,https://www.youtube.com/@KatarinaHolipok,752
@BA███8,https://www.youtube.com/@BAIR68,753
@th███dwo███er2███,https://www.youtube.com/@the3rdworlder293,754
@K.███lil███,https://www.youtube.com/@K.Khalil,755
@Lu███imo███ti,https://www.youtube.com/@LucaSimonetti,756
@st███nma███ld6██████,https://www.youtube.com/@stefanmangold6512,757
@je███ads███,https://www.youtube.com/@jeffwads,758
@na███men███s14███,https://www.youtube.com/@namanmenezes1434,759
@am███ion███,https://www.youtube.com/@ambition112,760
@te███vo,https://www.youtube.com/@tensevo,761
@KI███RAL███,https://www.youtube.com/@KINYERALEO,762
@pr███tee███rro███,https://www.youtube.com/@privateerburrows,763
@pa███ng7███,https://www.youtube.com/@patfong72,764
@Da███nJa███,https://www.youtube.com/@DarrenJacob,765
@fi███rtb███ttp█████████,https://www.youtube.com/@fineartbymattphilleo,766
@bo███r20███,https://www.youtube.com/@booser2011,767
@sp███ika███im,https://www.youtube.com/@sputnikalgrim,768
@na███yan███7,https://www.youtube.com/@nateryan7297,769
@an███nyg███85,https://www.youtube.com/@anthonyg.4785,770
@Ma███hil███fo,https://www.youtube.com/@MarkChilluffo,771
@H3███_v2███,https://www.youtube.com/@H3RL3_v2,772
@As███rr,https://www.youtube.com/@Asynurr,773
@gl███hub███d50███,https://www.youtube.com/@glennhubbard5008,774
@st███ker███,https://www.youtube.com/@stevekerp1,775
@Jo███cka███,https://www.youtube.com/@JoeyEckardt,776
@wo███ang███3,https://www.youtube.com/@workgang3643,777
@南台███,https://www.youtube.com/@%E5%8D%97%E5%8F%B0%E6%B9%BE%E4%BD%8F%E6%B0%91,778
@er███393███,https://www.youtube.com/@ericl3931,779
@Vi███akP███e53███,https://www.youtube.com/@VinayakPande53,780
@ro███ble███t55███,https://www.youtube.com/@rogerblewett5595,781
@ja███614███,https://www.youtube.com/@jackd6148,782
@jo███eni███9,https://www.youtube.com/@jonkoenigs99,783
@je███yha███l30███,https://www.youtube.com/@jeffryhammel3035,784
@fa███ssq███515███,https://www.youtube.com/@famoussquad5154,785
@Du███auc███,https://www.youtube.com/@Ducksauceee,786
@va███har███a51███,https://www.youtube.com/@vanceharkema5131,787
@Be███hor███,https://www.youtube.com/@Bellthorian,788
@as███ing███e76███,https://www.youtube.com/@assumingsole7647,789
@Ha███56,https://www.youtube.com/@Haduj56,790
@Ju███n9x███,https://www.youtube.com/@Just-n9x,791
@Ri███nq3███,https://www.youtube.com/@Rick-nq3mz,792
@ju███nla███n20███,https://www.youtube.com/@justinlarsen2011,793
@wa███nph███ix4███,https://www.youtube.com/@walkinphoenix45,794
@br███wal███ain█████████174███,https://www.youtube.com/@brucewallagainsttheodds1740,795
@Mr███kin███,https://www.youtube.com/@MrFunkiness,796
@1l███bab███,https://www.youtube.com/@1lor_baba,797
@al███ndo███dtr█████████,https://www.youtube.com/@alolandonaldtrump8368,798
@Sk███erM███o,https://www.youtube.com/@SkitterMcBoo,799
@ti███omb███,https://www.youtube.com/@timebomb42,800
@Xa███r_B███kin██████,https://www.youtube.com/@Xavier_Breaking_Bad,801
@cl███ord███l23███,https://www.youtube.com/@cliffordhill2365,802
@BB███Pop███t,https://www.youtube.com/@BBoy_PopTart,803
@Fr███yBo███08,https://www.youtube.com/@FreddyBoy1808,804
@br███lau███3,https://www.youtube.com/@brucelau2023,805
@Vi███usB███s20███,https://www.youtube.com/@ViciousBirds2023,806
@mr███e__███,https://www.youtube.com/@mrblue___,807
@Ja███L-p███t,https://www.youtube.com/@JamesL-pk9ct,808
@ak███om,https://www.youtube.com/@akattom,809
@jo███asi███ns1██████,https://www.youtube.com/@joshuasimmons1364,810
@sp███s31███,https://www.youtube.com/@sports3117,811
@OS███12,https://www.youtube.com/@OSoU812,812
@za███ame███438███,https://www.youtube.com/@zachdamenti4387,813
@kv███on1███,https://www.youtube.com/@kvernon1,814
@Mi███elW███ace██████,https://www.youtube.com/@MichaelWallace-g9r,815
@4s███ble███,https://www.youtube.com/@4seeableTV,816
@Er███aug███-US███,https://www.youtube.com/@EricHaughey-USMC,817
@So███Mik███cDa██████,https://www.youtube.com/@SonofMikeMacDaddy,818
@Ch███tia███547███,https://www.youtube.com/@Christian_4547,819
@sh███emj███jos█████████,https://www.youtube.com/@shakiemjeanjoseph428,820
@jo███abo███n32███,https://www.youtube.com/@joshuaboykin3225,821
@el███err███,https://www.youtube.com/@eliezerr111,822
@po███ve-███es,https://www.youtube.com/@postive-vibes,823
@ko███28,https://www.youtube.com/@kopes28,824
@sc███579███,https://www.youtube.com/@scott5799,825
@c.███946███,https://www.youtube.com/@c.r.8946,826
@Te███Sue███Z,https://www.youtube.com/@TengoSuenozZ,827
@mo███914███,https://www.youtube.com/@moose9145,828
@Di███oC,https://www.youtube.com/@DimTooC,829
@cu███tem███cos█████████,https://www.youtube.com/@cuauhtemocacosta2581,830
@er███ran███7,https://www.youtube.com/@erictran4187,831
@an███nia███61,https://www.youtube.com/@anttonian2761,832
@an███wsa███nov██████,https://www.youtube.com/@andrewsapronov2365,833
@Mi███elD███ard██████,https://www.youtube.com/@MichaelDillard-t3t,834
@re███arJ███,https://www.youtube.com/@regularJJ,835
@co███ree███249███,https://www.youtube.com/@coolbreeze4249,836
@tr███ssw███on3██████,https://www.youtube.com/@travisswanson3449,837
@Sp███ern███i12██████,https://www.youtube.com/@Spencerniemi12345,838
@Sa███naM███ne-██████,https://www.youtube.com/@SabrinaMalone-w4d,839
@et███991███,https://www.youtube.com/@ethan9916,840
@li███n88███,https://www.youtube.com/@linsen8890,841
@gl███se5███,https://www.youtube.com/@glimpse5038,842
@Ma███ser███61,https://www.youtube.com/@Mariosergio61,843
@Ty███jet███,https://www.youtube.com/@Tysonjetton,844
@ar███din███tri█████████,https://www.youtube.com/@arnoldindustries6983,845
@ca███176███,https://www.youtube.com/@catsj1767,846
@ma███ewk███430███,https://www.youtube.com/@matthewkiss4301,847
@ra███sta███,https://www.youtube.com/@raycasta10,848
@ep███6,https://www.youtube.com/@epa316,849
@cu███cfa███n88███,https://www.youtube.com/@curtmcfadden8865,850
@bl███mar███1,https://www.youtube.com/@blakemars531,851
@My███Azz███ple███,https://www.youtube.com/@MyBigAzzPimple,852
@Fo███alc███962██████,https://www.youtube.com/@FordFalcon1962nBlue,853
@al███rt3███,https://www.youtube.com/@alxfort39,854
@as███nra███879███,https://www.youtube.com/@ashwinranji8790,855
@ni███cov███ton██████,https://www.youtube.com/@nikkicovington6389,856
@ni███ean███o81███,https://www.youtube.com/@nickdeangelo8138,857
@Ta███Lan███,https://www.youtube.com/@TallnLankee,858
@DD███80,https://www.youtube.com/@DD01880,859
@DR███3,https://www.youtube.com/@DRE383,860
@SE███MBE███N,https://www.youtube.com/@SEPTEMBERMAN,861
@st███wat███409███,https://www.youtube.com/@stillwaters4097,862
@Vi███Daw███-i2███,https://www.youtube.com/@ViolaDawson-i2j,863
@ec███ken███74,https://www.youtube.com/@ectoskenz2574,864
@sc███fd0███3,https://www.youtube.com/@scruffd0g193,865
@Ju███ing███2,https://www.youtube.com/@Justhings332,866
@pu███e65███,https://www.youtube.com/@purple6573,867
@Ra███ow9███,https://www.youtube.com/@Rainbow9711,868
@Mi███064███,https://www.youtube.com/@Mike7064,869
@ch███nic███s28███,https://www.youtube.com/@chrisnichols2896,870
@An███Sav███-tx██████,https://www.youtube.com/@AnitaSavage-tx9nm,871
@ch███yph███y_,https://www.youtube.com/@chillyphilly_,872
